[{"model": "contenttypes.contenttype", "pk": 1, "fields": {"app_label": "admin", "model": "logentry"}}, {"model": "contenttypes.contenttype", "pk": 2, "fields": {"app_label": "auth", "model": "group"}}, {"model": "contenttypes.contenttype", "pk": 3, "fields": {"app_label": "auth", "model": "permission"}}, {"model": "contenttypes.contenttype", "pk": 4, "fields": {"app_label": "auth", "model": "user"}}, {"model": "contenttypes.contenttype", "pk": 5, "fields": {"app_label": "contenttypes", "model": "contenttype"}}, {"model": "contenttypes.contenttype", "pk": 6, "fields": {"app_label": "sessions", "model": "session"}}, {"model": "contenttypes.contenttype", "pk": 7, "fields": {"app_label": "kehadiran", "model": "kehadiran"}}, {"model": "contenttypes.contenttype", "pk": 8, "fields": {"app_label": "karyawan", "model": "jabatan"}}, {"model": "contenttypes.contenttype", "pk": 9, "fields": {"app_label": "karyawan", "model": "divisi"}}, {"model": "contenttypes.contenttype", "pk": 10, "fields": {"app_label": "karyawan", "model": "akun"}}, {"model": "contenttypes.contenttype", "pk": 11, "fields": {"app_label": "karyawan", "model": "karyawan"}}, {"model": "contenttypes.contenttype", "pk": 12, "fields": {"app_label": "kehadiran", "model": "izin"}}, {"model": "sessions.session", "pk": "2p4afard9hv20tn6qrw386yap2a09k8b", "fields": {"session_data": "MDZjODUxODgzMTQ0YzJkNjVlMTcwZjAyZjBkMzEyNTZkNjNiNmIxNzp7InVzZXJuYW1lIjoiZGVubnlzdyIsImthcnlhd2FuX2lkIjoxLCJfYXV0aF91c2VyX2lkIjoiMiIsIl9hdXRoX3VzZXJfYmFja2VuZCI6ImRqYW5nby5jb250cmliLmF1dGguYmFja2VuZHMuTW9kZWxCYWNrZW5kIiwiamVuaXNfYWt1biI6Imthcnlhd2FuIiwiX2F1dGhfdXNlcl9oYXNoIjoiYWQ1MDkyODVkZDFlMTA3MWYwYTEyZmE1YWNlNmJmOTZmNjVkY2JjNyJ9", "expire_date": "2018-03-14T04:10:12.271Z"}}, {"model": "sessions.session", "pk": "377eh9czrtd8mq1bth1hcyi8enaad3yq", "fields": {"session_data": "MDZjODUxODgzMTQ0YzJkNjVlMTcwZjAyZjBkMzEyNTZkNjNiNmIxNzp7InVzZXJuYW1lIjoiZGVubnlzdyIsImthcnlhd2FuX2lkIjoxLCJfYXV0aF91c2VyX2lkIjoiMiIsIl9hdXRoX3VzZXJfYmFja2VuZCI6ImRqYW5nby5jb250cmliLmF1dGguYmFja2VuZHMuTW9kZWxCYWNrZW5kIiwiamVuaXNfYWt1biI6Imthcnlhd2FuIiwiX2F1dGhfdXNlcl9oYXNoIjoiYWQ1MDkyODVkZDFlMTA3MWYwYTEyZmE1YWNlNmJmOTZmNjVkY2JjNyJ9", "expire_date": "2018-03-13T17:33:39.423Z"}}, {"model": "sessions.session", "pk": "bljakyvl46tvp211zhuqfkkv8comesur", "fields": {"session_data": "MDZjODUxODgzMTQ0YzJkNjVlMTcwZjAyZjBkMzEyNTZkNjNiNmIxNzp7InVzZXJuYW1lIjoiZGVubnlzdyIsImthcnlhd2FuX2lkIjoxLCJfYXV0aF91c2VyX2lkIjoiMiIsIl9hdXRoX3VzZXJfYmFja2VuZCI6ImRqYW5nby5jb250cmliLmF1dGguYmFja2VuZHMuTW9kZWxCYWNrZW5kIiwiamVuaXNfYWt1biI6Imthcnlhd2FuIiwiX2F1dGhfdXNlcl9oYXNoIjoiYWQ1MDkyODVkZDFlMTA3MWYwYTEyZmE1YWNlNmJmOTZmNjVkY2JjNyJ9", "expire_date": "2018-03-15T04:20:12.672Z"}}, {"model": "sessions.session", "pk": "rypmrj1nbzk9dzmxa7g52rjn3i0tyqwj", "fields": {"session_data": "MDZjODUxODgzMTQ0YzJkNjVlMTcwZjAyZjBkMzEyNTZkNjNiNmIxNzp7InVzZXJuYW1lIjoiZGVubnlzdyIsImthcnlhd2FuX2lkIjoxLCJfYXV0aF91c2VyX2lkIjoiMiIsIl9hdXRoX3VzZXJfYmFja2VuZCI6ImRqYW5nby5jb250cmliLmF1dGguYmFja2VuZHMuTW9kZWxCYWNrZW5kIiwiamVuaXNfYWt1biI6Imthcnlhd2FuIiwiX2F1dGhfdXNlcl9oYXNoIjoiYWQ1MDkyODVkZDFlMTA3MWYwYTEyZmE1YWNlNmJmOTZmNjVkY2JjNyJ9", "expire_date": "2018-03-13T16:32:24.885Z"}}, {"model": "sessions.session", "pk": "vcvaeoqhrgb92zkx54o482rdkgdpd3uj", "fields": {"session_data": "MmFiZTlmZGZkNDRjM2Q4ZmE4MDFmNmIyNWMxOTljODhlZmQzZjcyZTp7Il9hdXRoX3VzZXJfaGFzaCI6ImFkMTE0MzhlZjEwMjU4MGU2NTYzYTE0YmRlYWQwNzNiYjhhZDhiM2EiLCJfYXV0aF91c2VyX2JhY2tlbmQiOiJkamFuZ28uY29udHJpYi5hdXRoLmJhY2tlbmRzLk1vZGVsQmFja2VuZCIsIl9hdXRoX3VzZXJfaWQiOiIxIn0=", "expire_date": "2018-03-13T16:49:15.904Z"}}, {"model": "kehadiran.kehadiran", "pk": 1, "fields": {"karyawan": 1, "jenis_kehadiran": "hadir", "waktu": "2018-02-26"}}, {"model": "kehadiran.kehadiran", "pk": 2, "fields": {"karyawan": 1, "jenis_kehadiran": "hadir", "waktu": "2018-02-27"}}, {"model": "kehadiran.kehadiran", "pk": 3, "fields": {"karyawan": 2, "jenis_kehadiran": "izin", "waktu": "2018-02-27"}}, {"model": "kehadiran.kehadiran", "pk": 4, "fields": {"karyawan": 2, "jenis_kehadiran": "izin", "waktu": "2018-02-27"}}, {"model": "kehadiran.kehadiran", "pk": 5, "fields": {"karyawan": 1, "jenis_kehadiran": "izin", "waktu": "2018-02-27"}}, {"model": "kehadiran.kehadiran", "pk": 6, "fields": {"karyawan": 2, "jenis_kehadiran": "cuti", "waktu": "2018-02-27"}}, {"model": "kehadiran.kehadiran", "pk": 7, "fields": {"karyawan": 2, "jenis_kehadiran": "cuti", "waktu": "2018-02-27"}}, {"model": "kehadiran.kehadiran", "pk": 8, "fields": {"karyawan": 2, "jenis_kehadiran": "alpa", "waktu": "2018-02-27"}}, {"model": "kehadiran.kehadiran", "pk": 9, "fields": {"karyawan": 1, "jenis_kehadiran": "cuti", "waktu": "2018-02-27"}}, {"model": "kehadiran.kehadiran", "pk": 10, "fields": {"karyawan": 2, "jenis_kehadiran": "cuti", "waktu": "2018-02-27"}}, {"model": "kehadiran.kehadiran", "pk": 11, "fields": {"karyawan": 2, "jenis_kehadiran": "hadir", "waktu": "2018-02-27"}}, {"model": "kehadiran.kehadiran", "pk": 12, "fields": {"karyawan": 2, "jenis_kehadiran": "hadir", "waktu": "2018-02-27"}}, {"model": "kehadiran.kehadiran", "pk": 13, "fields": {"karyawan": 2, "jenis_kehadiran": "alpa", "waktu": "2018-02-27"}}, {"model": "kehadiran.kehadiran", "pk": 14, "fields": {"karyawan": 1, "jenis_kehadiran": "hadir", "waktu": "2018-02-27"}}, {"model": "kehadiran.kehadiran", "pk": 15, "fields": {"karyawan": 1, "jenis_kehadiran": "hadir", "waktu": "2018-02-27"}}, {"model": "kehadiran.kehadiran", "pk": 16, "fields": {"karyawan": 1, "jenis_kehadiran": "hadir", "waktu": "2018-02-27"}}, {"model": "kehadiran.kehadiran", "pk": 17, "fields": {"karyawan": 1, "jenis_kehadiran": "hadir", "waktu": "2018-02-27"}}, {"model": "kehadiran.kehadiran", "pk": 18, "fields": {"karyawan": 1, "jenis_kehadiran": "alpa", "waktu": "2018-02-27"}}, {"model": "kehadiran.kehadiran", "pk": 19, "fields": {"karyawan": 2, "jenis_kehadiran": "alpa", "waktu": "2018-02-27"}}, {"model": "kehadiran.kehadiran", "pk": 20, "fields": {"karyawan": 2, "jenis_kehadiran": "cuti", "waktu": "2018-02-27"}}, {"model": "kehadiran.kehadiran", "pk": 21, "fields": {"karyawan": 2, "jenis_kehadiran": "cuti", "waktu": "2018-02-27"}}, {"model": "kehadiran.kehadiran", "pk": 22, "fields": {"karyawan": 1, "jenis_kehadiran": "izin", "waktu": "2018-03-02"}}, {"model": "kehadiran.kehadiran", "pk": 23, "fields": {"karyawan": 1, "jenis_kehadiran": "izin", "waktu": "2018-03-01"}}, {"model": "kehadiran.kehadiran", "pk": 24, "fields": {"karyawan": 1, "jenis_kehadiran": "izin", "waktu": "2018-02-28"}}, {"model": "kehadiran.kehadiran", "pk": 25, "fields": {"karyawan": 1, "jenis_kehadiran": "izin", "waktu": "2018-02-27"}}, {"model": "kehadiran.kehadiran", "pk": 26, "fields": {"karyawan": 1, "jenis_kehadiran": "izin", "waktu": "2018-03-02"}}, {"model": "kehadiran.kehadiran", "pk": 27, "fields": {"karyawan": 1, "jenis_kehadiran": "izin", "waktu": "2018-03-01"}}, {"model": "kehadiran.kehadiran", "pk": 28, "fields": {"karyawan": 1, "jenis_kehadiran": "izin", "waktu": "2018-02-28"}}, {"model": "kehadiran.kehadiran", "pk": 29, "fields": {"karyawan": 1, "jenis_kehadiran": "izin", "waktu": "2018-02-27"}}, {"model": "kehadiran.izin", "pk": 1, "fields": {"karyawan": 1, "jenis_kehadiran": "izin", "waktu_mulai": "2018-02-27", "waktu_berhenti": "2018-03-02", "alasan": "kondangan", "disetujui": true}}, {"model": "kehadiran.izin", "pk": 2, "fields": {"karyawan": 2, "jenis_kehadiran": "izin", "waktu_mulai": "2018-02-27", "waktu_berhenti": "2018-03-02", "alasan": "coba-coba", "disetujui": false}}, {"model": "kehadiran.izin", "pk": 3, "fields": {"karyawan": 1, "jenis_kehadiran": "izin", "waktu_mulai": "2018-02-27", "waktu_berhenti": "2018-03-02", "alasan": "new", "disetujui": false}}, {"model": "karyawan.divisi", "pk": 1, "fields": {"nama": "Information Technology", "keterangan": "Loremp ipsum"}}, {"model": "karyawan.jabatan", "pk": 1, "fields": {"nama": "Ahli IT", "keterangan": "IT Consultant"}}, {"model": "karyawan.karyawan", "pk": 1, "fields": {"nama": "Denny", "alamat": "Magetan", "jenis_kelamin": "pria", "jenis_karyawan": "tetap", "no_telepon": "085", "email": "dennysw@gmail.com", "no_rekening": "213", "pemilik_rekening": "Denny", "divisi": 1, "jabatan": 1, "foto": "upload/pp_Anwarul_Huda4.jpg"}}, {"model": "karyawan.karyawan", "pk": 2, "fields": {"nama": "karyawan", "alamat": "am", "jenis_kelamin": "pria", "jenis_karyawan": "magang", "no_telepon": "23424", "email": "coba@gmail.com", "no_rekening": "123", "pemilik_rekening": "karywaan", "divisi": 1, "jabatan": 1, "foto": ""}}, {"model": "auth.permission", "pk": 1, "fields": {"name": "Can add log entry", "content_type": 1, "codename": "add_logentry"}}, {"model": "auth.permission", "pk": 2, "fields": {"name": "Can change log entry", "content_type": 1, "codename": "change_logentry"}}, {"model": "auth.permission", "pk": 3, "fields": {"name": "Can delete log entry", "content_type": 1, "codename": "delete_logentry"}}, {"model": "auth.permission", "pk": 4, "fields": {"name": "Can add group", "content_type": 2, "codename": "add_group"}}, {"model": "auth.permission", "pk": 5, "fields": {"name": "Can change group", "content_type": 2, "codename": "change_group"}}, {"model": "auth.permission", "pk": 6, "fields": {"name": "Can delete group", "content_type": 2, "codename": "delete_group"}}, {"model": "auth.permission", "pk": 7, "fields": {"name": "Can add permission", "content_type": 3, "codename": "add_permission"}}, {"model": "auth.permission", "pk": 8, "fields": {"name": "Can change permission", "content_type": 3, "codename": "change_permission"}}, {"model": "auth.permission", "pk": 9, "fields": {"name": "Can delete permission", "content_type": 3, "codename": "delete_permission"}}, {"model": "auth.permission", "pk": 10, "fields": {"name": "Can add user", "content_type": 4, "codename": "add_user"}}, {"model": "auth.permission", "pk": 11, "fields": {"name": "Can change user", "content_type": 4, "codename": "change_user"}}, {"model": "auth.permission", "pk": 12, "fields": {"name": "Can delete user", "content_type": 4, "codename": "delete_user"}}, {"model": "auth.permission", "pk": 13, "fields": {"name": "Can add content type", "content_type": 5, "codename": "add_contenttype"}}, {"model": "auth.permission", "pk": 14, "fields": {"name": "Can change content type", "content_type": 5, "codename": "change_contenttype"}}, {"model": "auth.permission", "pk": 15, "fields": {"name": "Can delete content type", "content_type": 5, "codename": "delete_contenttype"}}, {"model": "auth.permission", "pk": 16, "fields": {"name": "Can add session", "content_type": 6, "codename": "add_session"}}, {"model": "auth.permission", "pk": 17, "fields": {"name": "Can change session", "content_type": 6, "codename": "change_session"}}, {"model": "auth.permission", "pk": 18, "fields": {"name": "Can delete session", "content_type": 6, "codename": "delete_session"}}, {"model": "auth.permission", "pk": 19, "fields": {"name": "Can add kehadiran", "content_type": 7, "codename": "add_kehadiran"}}, {"model": "auth.permission", "pk": 20, "fields": {"name": "Can change kehadiran", "content_type": 7, "codename": "change_kehadiran"}}, {"model": "auth.permission", "pk": 21, "fields": {"name": "Can delete kehadiran", "content_type": 7, "codename": "delete_kehadiran"}}, {"model": "auth.permission", "pk": 22, "fields": {"name": "Can add jabatan", "content_type": 8, "codename": "add_jabatan"}}, {"model": "auth.permission", "pk": 23, "fields": {"name": "Can change jabatan", "content_type": 8, "codename": "change_jabatan"}}, {"model": "auth.permission", "pk": 24, "fields": {"name": "Can delete jabatan", "content_type": 8, "codename": "delete_jabatan"}}, {"model": "auth.permission", "pk": 25, "fields": {"name": "Can add divisi", "content_type": 9, "codename": "add_divisi"}}, {"model": "auth.permission", "pk": 26, "fields": {"name": "Can change divisi", "content_type": 9, "codename": "change_divisi"}}, {"model": "auth.permission", "pk": 27, "fields": {"name": "Can delete divisi", "content_type": 9, "codename": "delete_divisi"}}, {"model": "auth.permission", "pk": 28, "fields": {"name": "Can add akun", "content_type": 10, "codename": "add_akun"}}, {"model": "auth.permission", "pk": 29, "fields": {"name": "Can change akun", "content_type": 10, "codename": "change_akun"}}, {"model": "auth.permission", "pk": 30, "fields": {"name": "Can delete akun", "content_type": 10, "codename": "delete_akun"}}, {"model": "auth.permission", "pk": 31, "fields": {"name": "Can add karyawan", "content_type": 11, "codename": "add_karyawan"}}, {"model": "auth.permission", "pk": 32, "fields": {"name": "Can change karyawan", "content_type": 11, "codename": "change_karyawan"}}, {"model": "auth.permission", "pk": 33, "fields": {"name": "Can delete karyawan", "content_type": 11, "codename": "delete_karyawan"}}, {"model": "auth.permission", "pk": 34, "fields": {"name": "Can add izin", "content_type": 12, "codename": "add_izin"}}, {"model": "auth.permission", "pk": 35, "fields": {"name": "Can change izin", "content_type": 12, "codename": "change_izin"}}, {"model": "auth.permission", "pk": 36, "fields": {"name": "Can delete izin", "content_type": 12, "codename": "delete_izin"}}, {"model": "auth.group", "pk": 1, "fields": {"name": "Karyawan", "permissions": []}}, {"model": "auth.user", "pk": 1, "fields": {"password": "pbkdf2_sha256$36000$YnBHkc2U5jkC$XrpuzvLKh0+7C51kIn0yO94sHvr+oMAjuz3h4BvxuDE=", "last_login": "2018-03-01T04:16:31.499Z", "is_superuser": true, "username": "admin", "first_name": "", "last_name": "", "email": "admin@gmail.com", "is_staff": true, "is_active": true, "date_joined": "2018-02-26T10:19:02.686Z", "groups": [], "user_permissions": []}}, {"model": "auth.user", "pk": 2, "fields": {"password": "pbkdf2_sha256$36000$tpOUKyCkzzPC$yQvXOqRcnojoUNlM9ThryNXsYeKc045ZkOX6f267qAs=", "last_login": "2018-03-01T04:20:12.516Z", "is_superuser": false, "username": "dennysw", "first_name": "Denny", "last_name": "Setia", "email": "dennysw@gmail.com", "is_staff": false, "is_active": true, "date_joined": "2018-02-26T10:35:25Z", "groups": [1], "user_permissions": []}}, {"model": "auth.user", "pk": 3, "fields": {"password": "pbkdf2_sha256$36000$KKvpGgnzrdls$Kq7KRJMn81mk+J56gLeTwxWUvj2nY9X/xOZWQYBuv9g=", "last_login": null, "is_superuser": false, "username": "karyawan", "first_name": "", "last_name": "", "email": "", "is_staff": false, "is_active": true, "date_joined": "2018-02-27T16:28:25.019Z", "groups": [], "user_permissions": []}}, {"model": "karyawan.akun", "pk": 1, "fields": {"akun": 2, "karyawan": 1, "jenis_akun": "karyawan"}}, {"model": "admin.logentry", "pk": 1, "fields": {"action_time": "2018-02-26T10:32:38.819Z", "user": 1, "content_type": 9, "object_id": "1", "object_repr": "Information Technology", "action_flag": 1, "change_message": "[{\"added\": {}}]"}}, {"model": "admin.logentry", "pk": 2, "fields": {"action_time": "2018-02-26T10:32:53.076Z", "user": 1, "content_type": 9, "object_id": "1", "object_repr": "Information Technology", "action_flag": 2, "change_message": "[{\"changed\": {\"fields\": [\"keterangan\"]}}]"}}, {"model": "admin.logentry", "pk": 3, "fields": {"action_time": "2018-02-26T10:34:30.122Z", "user": 1, "content_type": 8, "object_id": "1", "object_repr": "Ahli IT", "action_flag": 1, "change_message": "[{\"added\": {}}]"}}, {"model": "admin.logentry", "pk": 4, "fields": {"action_time": "2018-02-26T10:34:32.846Z", "user": 1, "content_type": 11, "object_id": "1", "object_repr": "Denny", "action_flag": 1, "change_message": "[{\"added\": {}}]"}}, {"model": "admin.logentry", "pk": 5, "fields": {"action_time": "2018-02-26T10:35:25.559Z", "user": 1, "content_type": 4, "object_id": "2", "object_repr": "dennysw", "action_flag": 1, "change_message": "[{\"added\": {}}]"}}, {"model": "admin.logentry", "pk": 6, "fields": {"action_time": "2018-02-26T10:36:13.252Z", "user": 1, "content_type": 7, "object_id": "1", "object_repr": "Denny", "action_flag": 1, "change_message": "[{\"added\": {}}]"}}, {"model": "admin.logentry", "pk": 7, "fields": {"action_time": "2018-02-27T16:24:43.199Z", "user": 1, "content_type": 11, "object_id": "2", "object_repr": "karyawan", "action_flag": 1, "change_message": "[{\"added\": {}}]"}}, {"model": "admin.logentry", "pk": 8, "fields": {"action_time": "2018-02-27T16:25:37.487Z", "user": 1, "content_type": 4, "object_id": "2", "object_repr": "dennysw", "action_flag": 2, "change_message": "[{\"changed\": {\"fields\": [\"first_name\", \"last_name\", \"email\"]}}]"}}, {"model": "admin.logentry", "pk": 9, "fields": {"action_time": "2018-02-27T16:27:25.829Z", "user": 1, "content_type": 11, "object_id": "2", "object_repr": "karyawan", "action_flag": 2, "change_message": "[]"}}, {"model": "admin.logentry", "pk": 10, "fields": {"action_time": "2018-02-27T16:27:50.405Z", "user": 1, "content_type": 2, "object_id": "1", "object_repr": "Karyawan", "action_flag": 1, "change_message": "[{\"added\": {}}]"}}, {"model": "admin.logentry", "pk": 11, "fields": {"action_time": "2018-02-27T16:28:25.091Z", "user": 1, "content_type": 4, "object_id": "3", "object_repr": "karyawan", "action_flag": 1, "change_message": "[{\"added\": {}}]"}}, {"model": "admin.logentry", "pk": 12, "fields": {"action_time": "2018-02-27T16:29:48.593Z", "user": 1, "content_type": 4, "object_id": "2", "object_repr": "dennysw", "action_flag": 2, "change_message": "[{\"changed\": {\"fields\": [\"groups\"]}}]"}}, {"model": "admin.logentry", "pk": 13, "fields": {"action_time": "2018-02-27T16:30:27.741Z", "user": 1, "content_type": 4, "object_id": "2", "object_repr": "dennysw", "action_flag": 2, "change_message": "[{\"changed\": {\"fields\": [\"password\"]}}]"}}, {"model": "admin.logentry", "pk": 14, "fields": {"action_time": "2018-02-27T16:31:14.869Z", "user": 1, "content_type": 11, "object_id": "1", "object_repr": "Denny", "action_flag": 2, "change_message": "[{\"changed\": {\"fields\": [\"email\"]}}]"}}, {"model": "admin.logentry", "pk": 15, "fields": {"action_time": "2018-02-27T16:31:43.087Z", "user": 1, "content_type": 11, "object_id": "1", "object_repr": "Denny", "action_flag": 2, "change_message": "[]"}}, {"model": "admin.logentry", "pk": 16, "fields": {"action_time": "2018-02-27T16:32:17.893Z", "user": 1, "content_type": 10, "object_id": "1", "object_repr": "Denny", "action_flag": 1, "change_message": "[{\"added\": {}}]"}}, {"model": "admin.logentry", "pk": 17, "fields": {"action_time": "2018-02-27T16:36:56.010Z", "user": 1, "content_type": 7, "object_id": "2", "object_repr": "Denny", "action_flag": 1, "change_message": "[{\"added\": {}}]"}}, {"model": "admin.logentry", "pk": 18, "fields": {"action_time": "2018-02-27T16:37:00.831Z", "user": 1, "content_type": 7, "object_id": "3", "object_repr": "karyawan", "action_flag": 1, "change_message": "[{\"added\": {}}]"}}, {"model": "admin.logentry", "pk": 19, "fields": {"action_time": "2018-02-27T16:37:06.053Z", "user": 1, "content_type": 7, "object_id": "4", "object_repr": "karyawan", "action_flag": 1, "change_message": "[{\"added\": {}}]"}}, {"model": "admin.logentry", "pk": 20, "fields": {"action_time": "2018-02-27T16:37:11.052Z", "user": 1, "content_type": 7, "object_id": "5", "object_repr": "Denny", "action_flag": 1, "change_message": "[{\"added\": {}}]"}}, {"model": "admin.logentry", "pk": 21, "fields": {"action_time": "2018-02-27T16:37:16.974Z", "user": 1, "content_type": 7, "object_id": "6", "object_repr": "karyawan", "action_flag": 1, "change_message": "[{\"added\": {}}]"}}, {"model": "admin.logentry", "pk": 22, "fields": {"action_time": "2018-02-27T16:37:24.678Z", "user": 1, "content_type": 7, "object_id": "7", "object_repr": "karyawan", "action_flag": 1, "change_message": "[{\"added\": {}}]"}}, {"model": "admin.logentry", "pk": 23, "fields": {"action_time": "2018-02-27T16:37:32.741Z", "user": 1, "content_type": 7, "object_id": "8", "object_repr": "karyawan", "action_flag": 1, "change_message": "[{\"added\": {}}]"}}, {"model": "admin.logentry", "pk": 24, "fields": {"action_time": "2018-02-27T16:37:37.203Z", "user": 1, "content_type": 7, "object_id": "9", "object_repr": "Denny", "action_flag": 1, "change_message": "[{\"added\": {}}]"}}, {"model": "admin.logentry", "pk": 25, "fields": {"action_time": "2018-02-27T16:37:41.305Z", "user": 1, "content_type": 7, "object_id": "10", "object_repr": "karyawan", "action_flag": 1, "change_message": "[{\"added\": {}}]"}}, {"model": "admin.logentry", "pk": 26, "fields": {"action_time": "2018-02-27T16:37:46.547Z", "user": 1, "content_type": 7, "object_id": "11", "object_repr": "karyawan", "action_flag": 1, "change_message": "[{\"added\": {}}]"}}, {"model": "admin.logentry", "pk": 27, "fields": {"action_time": "2018-02-27T16:37:50.686Z", "user": 1, "content_type": 7, "object_id": "12", "object_repr": "karyawan", "action_flag": 1, "change_message": "[{\"added\": {}}]"}}, {"model": "admin.logentry", "pk": 28, "fields": {"action_time": "2018-02-27T16:37:54.580Z", "user": 1, "content_type": 7, "object_id": "13", "object_repr": "karyawan", "action_flag": 1, "change_message": "[{\"added\": {}}]"}}, {"model": "admin.logentry", "pk": 29, "fields": {"action_time": "2018-02-27T16:37:58.563Z", "user": 1, "content_type": 7, "object_id": "14", "object_repr": "Denny", "action_flag": 1, "change_message": "[{\"added\": {}}]"}}, {"model": "admin.logentry", "pk": 30, "fields": {"action_time": "2018-02-27T16:38:04.550Z", "user": 1, "content_type": 7, "object_id": "15", "object_repr": "Denny", "action_flag": 1, "change_message": "[{\"added\": {}}]"}}, {"model": "admin.logentry", "pk": 31, "fields": {"action_time": "2018-02-27T16:38:09.052Z", "user": 1, "content_type": 7, "object_id": "16", "object_repr": "Denny", "action_flag": 1, "change_message": "[{\"added\": {}}]"}}, {"model": "admin.logentry", "pk": 32, "fields": {"action_time": "2018-02-27T16:38:15.889Z", "user": 1, "content_type": 7, "object_id": "17", "object_repr": "Denny", "action_flag": 1, "change_message": "[{\"added\": {}}]"}}, {"model": "admin.logentry", "pk": 33, "fields": {"action_time": "2018-02-27T16:38:35.375Z", "user": 1, "content_type": 7, "object_id": "18", "object_repr": "Denny", "action_flag": 1, "change_message": "[{\"added\": {}}]"}}, {"model": "admin.logentry", "pk": 34, "fields": {"action_time": "2018-02-27T16:38:39.750Z", "user": 1, "content_type": 7, "object_id": "19", "object_repr": "karyawan", "action_flag": 1, "change_message": "[{\"added\": {}}]"}}, {"model": "admin.logentry", "pk": 35, "fields": {"action_time": "2018-02-27T16:38:43.962Z", "user": 1, "content_type": 7, "object_id": "20", "object_repr": "karyawan", "action_flag": 1, "change_message": "[{\"added\": {}}]"}}, {"model": "admin.logentry", "pk": 36, "fields": {"action_time": "2018-02-27T16:38:47.331Z", "user": 1, "content_type": 7, "object_id": "21", "object_repr": "karyawan", "action_flag": 1, "change_message": "[{\"added\": {}}]"}}, {"model": "admin.logentry", "pk": 37, "fields": {"action_time": "2018-02-27T17:13:27.692Z", "user": 1, "content_type": 12, "object_id": "1", "object_repr": "Denny", "action_flag": 1, "change_message": "[{\"added\": {}}]"}}, {"model": "admin.logentry", "pk": 38, "fields": {"action_time": "2018-02-27T17:13:52.592Z", "user": 1, "content_type": 12, "object_id": "2", "object_repr": "karyawan", "action_flag": 1, "change_message": "[{\"added\": {}}]"}}, {"model": "admin.logentry", "pk": 39, "fields": {"action_time": "2018-02-27T17:13:59.315Z", "user": 1, "content_type": 12, "object_id": "1", "object_repr": "Denny", "action_flag": 2, "change_message": "[{\"changed\": {\"fields\": [\"disetujui\"]}}]"}}, {"model": "admin.logentry", "pk": 40, "fields": {"action_time": "2018-02-27T17:47:38.835Z", "user": 1, "content_type": 12, "object_id": "5", "object_repr": "Denny", "action_flag": 3, "change_message": ""}}, {"model": "admin.logentry", "pk": 41, "fields": {"action_time": "2018-02-27T17:47:39.069Z", "user": 1, "content_type": 12, "object_id": "4", "object_repr": "Denny", "action_flag": 3, "change_message": ""}}, {"model": "admin.logentry", "pk": 42, "fields": {"action_time": "2018-02-27T17:49:34.938Z", "user": 1, "content_type": 12, "object_id": "6", "object_repr": "Denny", "action_flag": 3, "change_message": ""}}, {"model": "admin.logentry", "pk": 43, "fields": {"action_time": "2018-03-01T04:17:32.460Z", "user": 1, "content_type": 11, "object_id": "1", "object_repr": "Denny", "action_flag": 2, "change_message": "[{\"changed\": {\"fields\": [\"foto\"]}}]"}}]